customer_id,first_name,last_name,email,membership_date,gender,salary,,job_title,City,Membership_cost,Price_bracket
c001,Vasilis,Di Dello,vdidello0@cdbaby.com,04/02/2018,M,"£62,267.15",,Information Systems Manager,Hamburg,7.99,Standard
c002,Clementia,Margram,cmargram1@google.co.jp,17/08/2014,F,"£53,805.91",,Environmental Specialist,Toronto,3.99,Basic
c003,Dewitt,Murra,dmurra2@360.cn,28/04/2017,M,"£67,195.01",,Administrative Assistant II,Tokyo,9.99,Premium
c004,Kalinda,Marguerite,kmarguerite3@symantec.com,21/07/2014,F,"£23,113.30",,Cost Accountant,Rome,3.99,Basic
c005,Pat,Beevers,,24/08/2013,F,"£39,301.71",,,Hamburg,9.99,Premium
c006,Emmalee,Curton,,01/01/2013,F,"£21,393.89",,,Copenhagen,3.99,Basic
c007,Emmaline,Dronsfield,edronsfield6@si.edu,07/07/2013,F,"£61,877.17",,Associate Professor,Paris,7.99,Standard
c008,Buffy,Grunwald,bgrunwald7@wunderground.com,01/08/2017,F,"£56,045.60",,Human Resources Manager,Amsterdam,3.99,Basic
c009,Cecilius,Woolatt,cwoolatt8@ocn.ne.jp,08/01/2012,M,"£74,446.19",,Web Developer IV,Madrid,9.99,Premium
c009,Cecilius,Woolatt,cwoolatt8@ocn.ne.jp,08/01/2012,M,"£74,446.19",,Web Developer IV,Madrid,9.99,Premium
c010,Eli,Ervine,eervine9@dedecms.com,10/09/2011,M,"£49,517.41",,Associate Professor,Sydney,9.99,Premium
c011,Kathe,Mulderrig,kmulderriga@w3.org,20/01/2022,F,"£44,329.64",,Actuary,Madrid,7.99,Standard
c012,Nilson,Overpool,noverpoolb@nationalgeographic.com,24/02/2022,M,"£46,785.69",,Payment Adjustment Coordinator,Los Angeles,7.99,Standard
c013,Helyn,Lindell,hlindellc@cam.ac.uk,04/01/2017,F,"£59,344.68",,Senior Editor,Chicago,9.99,Premium
c014,Fran,Zwicker,fzwickerd@ebay.com,05/12/2015,M,"£45,066.56",,VP Product Management,Sydney,3.99,Basic
c015,Julio,Ayre,jayree@biblegateway.com,31/12/2020,M,"£60,223.76",,Editor,Delhi,3.99,Basic
c016,Alix,Alekseicik,aalekseicikf@ustream.tv,08/05/2017,F,"£53,305.76",,Paralegal,Tokyo,9.99,Premium
,,,,,,,,,,,
c017,Hadlee,Shalcros,,08/11/2021,M,"£74,398.17",,,Toronto,9.99,Premium
c018,Fernando,Tabourel,ftabourelh@mediafire.com,12/11/2019,M,"£38,158.71",,Financial Analyst,Sydney,9.99,Premium
c019,Mendel,Gloy,mgloyi@cam.ac.uk,09/06/2017,M,"£65,877.00",,Registered Nurse,New York,3.99,Basic
c020,Thain,Myatt,tmyattj@studiopress.com,09/07/2013,M,"£62,234.75",,Assistant Professor,Tokyo,3.99,Basic
c021,Moises,Steel,msteelk@washington.edu,19/04/2017,M,"£24,932.57",,Help Desk Operator,Madrid,9.99,Premium
c022,Bancroft,Huccaby,bhuccabyl@senate.gov,07/08/2015,M,"£57,276.32",,Senior Editor,Hamburg,7.99,Standard
c023,Iormina,Martello,imartellom@squarespace.com,05/02/2018,F,"£40,867.83",,Senior Developer,New York,9.99,Premium
c024,Tatum,Longstreeth,tlongstreethn@rambler.ru,25/10/2015,F,"£68,933.79",,VP Product Management,Tokyo,7.99,Standard
c025,Wat,Zmitrovich,wzmitrovicho@cocolog-nifty.com,30/07/2013,M,"£39,362.42",,VP Quality Control,Paris,3.99,Basic
c026,Miguel,McCandie,mmccandiep@phpbb.com,22/09/2018,M,"£68,911.70",,Chief Design Engineer,Montreal,3.99,Basic
c027,Bell,Sange,bsangeq@dell.com,29/08/2013,F,"£35,406.56",,Cost Accountant,Sydney,7.99,Standard
c028,Perice,Demange,pdemanger@wikia.com,25/07/2013,M,"£49,760.35",,Assistant Media Planner,Hamburg,7.99,Standard
c029,Monro,Harm,,12/09/2019,M,"£31,681.32",,,Montreal,3.99,Basic
c030,Gordon,Conant,gconantt@webeden.co.uk,04/10/2014,M,"£44,727.93",,Account Representative IV,Rome,3.99,Basic
c031,Murry,Calderon,mcalderonu@businesswire.com,08/01/2018,M,"£43,030.00",,Account Coordinator,Copenhagen,9.99,Premium
c032,Lynnette,Rickardes,lrickardesv@drupal.org,18/12/2010,F,"£32,116.82",,Dental Hygienist,Geneva,7.99,Standard
c033,Con,Toulson,,31/05/2011,M,"£22,832.84",,,Rome,3.99,Basic
c034,Falkner,O'Flaverty,,02/09/2020,M,"£47,253.33",,,Montreal,7.99,Standard
c035,Carleton,Kumaar,,21/10/2020,M,"£45,682.79",,,Los Angeles,3.99,Basic
c036,Regina,Silversmid,rsilversmidz@nyu.edu,20/04/2012,F,"£47,141.28",,Recruiter,Rome,7.99,Standard
c037,Becky,McTeague,bmcteague10@ed.gov,30/03/2021,F,"£34,707.87",,Editor,Chicago,9.99,Premium
c038,Brenna,Bessett,bbessett11@imgur.com,07/09/2020,F,"£44,083.13",,Junior Executive,Edinburgh,3.99,Basic
c039,Graig,Rolin,grolin12@feedburner.com,25/10/2021,M,"£61,156.73",,Help Desk Technician,Lisbon,7.99,Standard
c040,Edita,Antoniazzi,eantoniazzi13@sina.com.cn,14/10/2013,F,"£49,484.59",,Information Systems Manager,Tokyo,3.99,Basic
c041,Jase,Garvagh,jgarvagh14@europa.eu,28/09/2020,M,"£31,984.43",,Senior Quality Engineer,Edinburgh,7.99,Standard
c042,Niles,Dobrowolny,ndobrowolny15@cam.ac.uk,25/03/2021,M,"£49,390.86",,Design Engineer,Berlin,3.99,Basic
c043,Gonzalo,Disman,gdisman16@marriott.com,15/02/2012,M,"£70,197.62",,Structural Analysis Engineer,Los Angeles,9.99,Premium
c044,Melisandra,Diviny,mdiviny17@rediff.com,03/12/2014,F,"£52,942.43",,Data Coordiator,New York,9.99,Premium
c044,Melisandra,Diviny,mdiviny17@rediff.com,03/12/2014,F,"£52,942.43",,Data Coordiator,New York,9.99,Premium
,,,,,,,,Data Coordiator,New York,9.99,Premium
c044,Melisandra,Diviny,mdiviny17@rediff.com,03/12/2014,F,"£52,942.43",,,,,
c045,Eolanda,Surguine,esurguine18@virginia.edu,04/09/2022,F,"£56,061.84",,Marketing Manager,Sydney,9.99,Premium
c046,Helen-elizabeth,Gaskin,hgaskin19@devhub.com,07/09/2015,F,"£24,761.51",,Nurse,Rome,7.99,Standard
c047,Lissy,McMackin,lmcmackin1a@utexas.edu,02/04/2019,F,"£25,394.14",,Information Systems Manager,London,9.99,Premium
c048,Wakefield,Dellatorre,wdellatorre1b@sina.com.cn,09/03/2022,M,"£51,923.88",,Registered Nurse,Edinburgh,7.99,Standard
c049,Thor,Ferriere,,07/07/2013,M,"£46,028.89",,,Delhi,3.99,Basic
c050,Renado,Henrys,rhenrys1d@sciencedaily.com,16/06/2019,M,"£38,960.21",,Assistant Manager,Melbourne,7.99,Standard
c051,Faber,Coste,,31/10/2020,M,"£62,364.12",,,Copenhagen,9.99,Premium
c052,Wallas,Dever,wdever1f@wikispaces.com,22/05/2022,M,"£20,507.72",,Accounting Assistant I,New York,9.99,Premium
c053,Daryle,Deluce,ddeluce1g@facebook.com,07/04/2015,M,"£44,302.39",,Speech Pathologist,Toronto,9.99,Premium
c054,Violetta,Pheasey,vpheasey1h@ezinearticles.com,01/03/2013,F,"£54,424.15",,Information Systems Manager,Toronto,9.99,Premium
c055,Courtnay,Stiegar,cstiegar1i@youtube.com,08/12/2014,F,"£72,303.76",,Financial Analyst,Hamburg,9.99,Premium
c056,Berne,Nial,bnial1j@yale.edu,23/10/2012,M,"£50,962.81",,Librarian,Delhi,9.99,Premium
c057,Padraic,Poppy,ppoppy1k@miibeian.gov.cn,26/05/2022,M,"£50,631.39",,Systems Administrator II,Hamburg,9.99,Premium
c058,Sarah,Dunphy,sdunphy1l@soup.io,27/08/2017,F,"£20,096.60",,Community Outreach Specialist,Tokyo,3.99,Basic
c059,Kacie,Brooks,,02/11/2019,F,"£72,470.10",,,Paris,7.99,Standard
c060,Rianon,Meehan,,15/09/2011,F,"£67,550.27",,,Amsterdam,9.99,Premium
c061,Nerti,Reichelt,nreichelt1o@newsvine.com,24/05/2013,F,"£31,843.24",,Occupational Therapist,Melbourne,7.99,Standard
c062,Osborn,Ivanonko,oivanonko1p@google.ru,03/04/2011,M,"£43,729.72",,Systems Administrator IV,Montreal,7.99,Standard
c063,Jason,Spear,jspear1q@taobao.com,11/07/2022,M,"£45,710.85",,Engineer II,Hamburg,3.99,Basic
c064,Henri,Coger,,03/10/2012,M,"£55,266.30",,,Rome,3.99,Basic
c065,Duffy,Jaquin,djaquin1s@4shared.com,23/09/2012,M,"£65,104.97",,Compensation Analyst,Montreal,7.99,Standard
c066,Valerye,Lethby,vlethby1t@ebay.com,09/07/2022,F,"£36,175.21",,Health Coach IV,Sydney,9.99,Premium
c067,Annnora,Toopin,atoopin1u@mapquest.com,29/01/2011,F,"£21,913.76",,Web Developer III,Lisbon,9.99,Premium
c068,Marielle,Farington,mfarington1v@nymag.com,09/05/2020,F,"£57,808.24",,Pharmacist,Chicago,3.99,Basic
c069,Aloysia,Yeude,ayeude1w@blogger.com,16/06/2012,F,"£24,687.76",,General Manager,Lisbon,3.99,Basic
c070,Bevon,Dugdale,,16/06/2019,M,"£40,127.62",,,Hamburg,7.99,Standard
c071,Madella,Boutton,,14/05/2017,F,"£73,248.63",,,Edinburgh,7.99,Standard
c072,Rosalinde,Konneke,rkonneke1z@thetimes.co.uk,03/06/2018,F,"£43,792.18",,Desktop Support Technician,Sydney,7.99,Standard
c073,Benji,Mullins,bmullins20@dailymail.co.uk,12/07/2020,M,"£49,751.05",,Internal Auditor,Madrid,9.99,Premium
c074,Gran,Gregh,ggregh21@ca.gov,12/02/2021,M,"£53,065.44",,Electrical Engineer,Tokyo,3.99,Basic
c075,Damiano,Hansemann,dhansemann22@themeforest.net,22/01/2021,M,"£64,394.66",,Data Coordiator,Sydney,7.99,Standard
c076,Hugues,Mulvy,hmulvy23@army.mil,15/04/2013,M,"£38,437.95",,Business Systems Development Analyst,New York,3.99,Basic
c077,Agnes,Unitt,aunitt24@utexas.edu,04/07/2019,F,"£29,755.35",,Budget/Accounting Analyst I,Edinburgh,3.99,Basic
c078,Benedikt,Bache,bbache25@toplist.cz,07/07/2020,M,"£67,709.16",,Sales Representative,Lisbon,3.99,Basic
c079,Elsie,Feldhammer,efeldhammer26@jigsy.com,18/07/2014,F,"£25,641.47",,Research Assistant III,Edinburgh,3.99,Basic
,,,,,,,,,,,
c080,Eileen,Brittlebank,ebrittlebank27@people.com.cn,07/06/2013,F,"£50,681.67",,Software Consultant,Sydney,7.99,Standard
c081,Elyse,Sussams,esussams28@google.pl,10/07/2012,F,"£41,028.14",,Accountant III,Hamburg,9.99,Premium
c082,Andie,Rudgard,arudgard29@google.com.br,20/03/2021,F,"£32,894.78",,Chief Design Engineer,Lisbon,9.99,Premium
c083,Melli,Mattersey,,01/10/2022,F,"£55,826.17",,,Sydney,9.99,Premium
c084,Susanna,Canniffe,scanniffe2b@123-reg.co.uk,30/04/2022,F,"£58,533.22",,Health Coach III,Los Angeles,9.99,Premium
c085,Jesus,Lagen,jlagen2c@dot.gov,21/11/2013,M,"£38,170.14",,Analog Circuit Design manager,Toronto,3.99,Basic
c086,Kippy,Steiner,ksteiner2d@addtoany.com,01/11/2015,M,"£27,070.66",,Account Representative I,Toronto,7.99,Standard
c087,Cairistiona,Birtwistle,cbirtwistle2e@simplemachines.org,01/10/2020,F,"£20,452.16",,Web Designer I,Amsterdam,7.99,Standard
c088,Reinaldo,Bineham,rbineham2f@jimdo.com,17/07/2022,M,"£43,010.64",,Junior Executive,Madrid,9.99,Premium
c089,Elsworth,Challin,,13/03/2012,M,"£36,483.03",,,Toronto,9.99,Premium
c090,Gordie,Burgott,gburgott2h@discovery.com,17/06/2020,M,"£37,924.55",,Food Chemist,London,9.99,Premium
c091,Yetta,Rhucroft,yrhucroft2i@exblog.jp,20/09/2022,F,"£32,992.78",,Junior Executive,Berlin,3.99,Basic
c092,Clint,Melley,cmelley2j@bing.com,22/01/2022,M,"£70,997.00",,Operator,Copenhagen,3.99,Basic
c093,Herculie,Antonetti,hantonetti2k@earthlink.net,05/07/2015,M,"£30,841.71",,Occupational Therapist,Sydney,9.99,Premium
c094,Maurise,Blacklock,mblacklock2l@cdbaby.com,28/06/2018,M,"£40,679.29",,Research Associate,Chicago,3.99,Basic
c095,Anastasia,Biscomb,abiscomb2m@hhs.gov,21/03/2019,F,"£27,402.03",,Human Resources Manager,Delhi,7.99,Standard
c096,Vittorio,Arro,varro2n@ebay.com,13/09/2022,M,"£62,551.34",,Software Engineer IV,Los Angeles,9.99,Premium
c097,Dory,Pleven,dpleven2o@elegantthemes.com,27/12/2012,M,"£36,973.59",,Librarian,Montreal,7.99,Standard
c098,Abie,O'Curran,aocurran2p@1und1.de,17/06/2020,M,"£64,953.09",,Chemical Engineer,Rome,3.99,Basic
c099,Lura,MacCole,,28/02/2013,F,"£62,328.75",,,Montreal,7.99,Standard
c100,Carolyne,Rozenbaum,crozenbaum2r@reverbnation.com,08/03/2019,F,"£60,186.46",,Food Chemist,Tokyo,7.99,Standard
c101,Anabelle,Rulton,arulton2s@slate.com,12/04/2012,F,"£63,169.10",,Executive Secretary,Delhi,3.99,Basic
c102,Dunn,Brymham,dbrymham2t@devhub.com,04/03/2016,M,"£20,144.10",,Business Systems Development Analyst,Los Angeles,9.99,Premium
c103,Oby,Slidders,oslidders2u@nasa.gov,29/03/2015,M,"£26,935.50",,Legal Assistant,Berlin,7.99,Standard
c104,Shirlee,Watson,swatson2v@topsy.com,07/05/2022,F,"£69,737.65",,VP Marketing,Chicago,9.99,Premium
c105,Bendix,Callender,,04/10/2019,M,"£43,881.33",,,Rome,9.99,Premium
c106,Skipp,Maud,smaud2x@uiuc.edu,03/04/2019,M,"£35,165.45",,VP Product Management,Amsterdam,3.99,Basic
c107,Ruddy,Lawful,rlawful2y@dedecms.com,28/03/2022,M,"£52,669.08",,Software Engineer III,London,7.99,Standard
c108,Halsey,Vanini,hvanini2z@rambler.ru,22/03/2012,M,"£22,076.75",,Nurse,Geneva,3.99,Basic
c109,Elysee,Di Lucia,edilucia30@over-blog.com,19/03/2013,F,"£39,088.04",,Computer Systems Analyst I,Los Angeles,9.99,Premium
c110,Maximilianus,Size,msize31@netscape.com,14/05/2011,M,"£48,733.71",,Editor,New York,3.99,Basic
c111,Bella,McRuvie,bmcruvie32@domainmarket.com,05/07/2021,F,"£44,102.54",,Librarian,London,3.99,Basic
c112,Henderson,Semmence,hsemmence33@ted.com,29/09/2014,M,"£47,106.49",,Administrative Officer,Toronto,9.99,Premium
c113,Niel,Bodman,nbodman34@github.com,07/05/2015,M,"£29,283.35",,Design Engineer,Toronto,7.99,Standard
c114,Orelee,Croster,ocroster35@gravatar.com,27/08/2017,F,"£41,494.36",,Civil Engineer,Sydney,9.99,Premium
c115,Paul,Buckley,pbuckley36@seattletimes.com,02/04/2015,M,"£62,366.09",,Senior Quality Engineer,Tokyo,3.99,Basic
c116,Shawna,McAdam,smcadam37@state.tx.us,23/07/2013,F,"£28,795.49",,Compensation Analyst,Sydney,7.99,Standard
c117,Issi,Pringer,ipringer38@omniture.com,24/11/2012,F,"£31,055.42",,Clinical Specialist,Lisbon,7.99,Standard
c118,Jemmie,Coan,jcoan39@geocities.com,07/11/2013,F,"£51,460.85",,Technical Writer,New York,9.99,Premium
c119,Fidelity,Clohisey,,10/06/2014,F,"£51,105.59",,,Melbourne,7.99,Standard
,,,,,,,,,,,
c120,Kent,Penketh,kpenketh3b@ezinearticles.com,25/08/2018,M,"£39,058.14",,Registered Nurse,Berlin,3.99,Basic
c120,Kent,Penketh,kpenketh3b@ezinearticles.com,25/08/2018,M,"£39,058.14",,Registered Nurse,Berlin,3.99,Basic
c121,Sammy,Muff,smuff3c@scribd.com,26/10/2020,M,"£72,367.12",,Senior Sales Associate,Montreal,7.99,Standard
c122,Weidar,Gilburt,wgilburt3d@printfriendly.com,14/04/2014,M,"£21,890.76",,Graphic Designer,Madrid,7.99,Standard
c123,Lula,Chitham,lchitham3e@github.io,26/11/2020,F,"£54,725.81",,Cost Accountant,Sydney,3.99,Basic
c124,Dewain,Varnals,dvarnals3f@artisteer.com,23/06/2019,M,"£63,397.90",,Internal Auditor,Lisbon,9.99,Premium
c125,Stevie,Broomer,sbroomer3g@ucsd.edu,30/11/2011,M,"£42,934.67",,Systems Administrator II,Berlin,3.99,Basic
c126,Marne,Broggetti,,31/03/2013,F,"£26,103.36",,,Copenhagen,9.99,Premium
c127,Liane,Wrightem,lwrightem3i@mashable.com,05/10/2011,F,"£60,130.28",,Health Coach III,Montreal,3.99,Basic
c128,Giovanni,Aiston,gaiston3j@acquirethisname.com,14/06/2017,M,"£56,619.10",,Operator,Toronto,3.99,Basic
c129,Erick,Guthrie,eguthrie3k@archive.org,07/09/2013,M,"£64,756.05",,Media Manager III,Los Angeles,9.99,Premium
c130,Richardo,Bafford,rbafford3l@alexa.com,31/05/2011,M,"£43,734.50",,Compensation Analyst,Toronto,9.99,Premium
c131,Pacorro,Coppen,pcoppen3m@elpais.com,19/05/2016,M,"£70,013.80",,Chief Design Engineer,Paris,3.99,Basic
,,,,,,,,,,,
c132,Jacquette,Yelding,jyelding3n@booking.com,09/01/2019,F,"£20,540.58",,Environmental Tech,Copenhagen,9.99,Premium
c133,Rafferty,Fellgate,rfellgate3o@ucla.edu,01/04/2011,M,"£63,125.01",,Director of Sales,Tokyo,7.99,Standard
c134,Edmon,Saffer,esaffer3p@admin.ch,15/08/2020,M,"£69,015.50",,Junior Executive,Rome,9.99,Premium
c135,Davon,Lauridsen,dlauridsen3q@msn.com,28/04/2020,M,"£43,472.43",,Cost Accountant,Lisbon,3.99,Basic
c136,Codie,Wadly,cwadly3r@tinypic.com,30/10/2019,F,"£64,615.54",,Community Outreach Specialist,Edinburgh,3.99,Basic
c137,Vaclav,MacCardle,vmaccardle3s@infoseek.co.jp,29/06/2016,M,"£59,279.25",,Web Developer I,Toronto,7.99,Standard
c138,Donaugh,Bricket,dbricket3t@devhub.com,02/08/2016,M,"£59,002.10",,Staff Scientist,Toronto,7.99,Standard
c139,Lorry,Killeen,lkilleen3u@last.fm,05/09/2017,F,"£27,156.54",,Software Engineer IV,Los Angeles,7.99,Standard
c140,Isidro,Davidsen,idavidsen3v@tinypic.com,25/06/2021,M,"£66,232.49",,Systems Administrator II,Delhi,3.99,Basic
c141,Maxy,Duddle,,22/06/2012,F,"£67,408.94",,,Toronto,7.99,Standard
c142,Daphne,Iddiens,diddiens3x@spotify.com,17/03/2017,F,"£42,112.18",,VP Sales,Madrid,3.99,Basic
c143,Shela,Dudderidge,sdudderidge3y@nature.com,10/07/2011,F,"£36,802.51",,VP Product Management,Rome,9.99,Premium
c144,Vincent,Delap,vdelap3z@smh.com.au,24/04/2014,M,"£27,827.31",,Community Outreach Specialist,Rome,9.99,Premium
c145,Walton,Bristowe,wbristowe40@lycos.com,19/09/2012,M,"£40,875.61",,Community Outreach Specialist,Copenhagen,3.99,Basic
c146,Breena,Arghent,,19/01/2014,F,"£48,932.81",,,Amsterdam,9.99,Premium
c147,Chicky,McLachlan,cmclachlan42@weebly.com,01/05/2022,M,"£32,713.40",,General Manager,Delhi,3.99,Basic
c148,Hervey,Warratt,,10/09/2013,M,"£38,073.54",,,Edinburgh,7.99,Standard
c149,Tabb,de la Valette Parisot,tdelavaletteparisot44@technorati.com,23/09/2017,M,"£51,358.92",,Programmer Analyst II,Lisbon,3.99,Basic
c150,Luca,Aleksandrev,laleksandrev45@cmu.edu,07/08/2022,M,"£52,376.35",,Automation Specialist IV,Los Angeles,7.99,Standard
c151,Felicdad,Gerish,fgerish46@linkedin.com,09/01/2015,F,"£41,829.31",,Nurse Practicioner,Melbourne,3.99,Basic
c152,Jannel,Creboe,jcreboe47@gravatar.com,04/01/2015,F,"£70,506.41",,Staff Accountant IV,Tokyo,3.99,Basic
c153,Pamelina,Rosenkrantz,,21/05/2012,F,"£32,657.04",,,Montreal,9.99,Premium
c154,Bernete,Ollcott,bollcott49@last.fm,06/11/2013,F,"£26,046.36",,VP Quality Control,Montreal,7.99,Standard
c155,Garrik,Marritt,gmarritt4a@infoseek.co.jp,12/12/2017,M,"£46,091.66",,Web Developer IV,Paris,9.99,Premium
c156,Ailey,Chattey,achattey4b@wikispaces.com,16/05/2011,F,"£70,252.27",,Chief Design Engineer,New York,3.99,Basic
c157,Hilly,Ferschke,hferschke4c@linkedin.com,26/09/2012,M,"£58,278.43",,Electrical Engineer,Toronto,9.99,Premium
c158,Valdemar,Paske,vpaske4d@cbsnews.com,08/05/2014,M,"£32,452.00",,Registered Nurse,New York,7.99,Standard
c159,Kingston,Ling,kling4e@msn.com,25/04/2012,M,"£59,196.27",,Community Outreach Specialist,Berlin,3.99,Basic
c160,Tami,Chesser,tchesser4f@cnbc.com,22/12/2019,F,"£66,782.73",,Social Worker,Berlin,9.99,Premium
c161,Jarrad,Beilby,jbeilby4g@ucsd.edu,08/10/2016,M,"£41,923.00",,Account Executive,Geneva,3.99,Basic
c162,Crystal,Swires,cswires4h@illinois.edu,20/09/2012,F,"£74,270.25",,Research Assistant I,Toronto,9.99,Premium
c163,Roxine,Gayne,rgayne4i@live.com,28/05/2011,F,"£67,348.54",,Marketing Assistant,Los Angeles,9.99,Premium
c164,Mellicent,Florez,mflorez4j@gizmodo.com,18/06/2017,F,"£61,339.28",,Recruiter,Los Angeles,9.99,Premium
c165,Templeton,Durno,,08/07/2011,M,"£25,244.85",,,Madrid,9.99,Premium
c166,Hasty,Tysall,htysall4l@hatena.ne.jp,01/08/2012,M,"£55,998.97",,VP Sales,Sydney,7.99,Standard
c167,Gui,Pennrington,,16/09/2022,F,"£24,994.98",,,Toronto,3.99,Basic
c168,Alaric,Esel,,20/05/2018,M,"£30,424.94",,,Hamburg,3.99,Basic
c169,Tommie,Strutley,,25/12/2018,M,"£47,681.41",,,Delhi,9.99,Premium
c170,Perrine,Phillpot,pphillpot4p@go.com,24/01/2015,F,"£74,058.87",,Associate Professor,Montreal,9.99,Premium
c172,Cleavland,Errichelli,cerrichelli4r@example.com,30/07/2022,M,"£60,588.69",,Financial Analyst,London,3.99,Basic
c173,Aloysius,Whelan,awhelan4s@storify.com,05/12/2018,M,"£43,242.29",,Operator,Delhi,9.99,Premium
c174,Raynor,Bielfeldt,rbielfeldt4t@blogger.com,27/12/2018,M,"£40,386.04",,Nurse,Tokyo,9.99,Premium
c175,Bertie,Kiss,bkiss4u@last.fm,01/03/2021,F,"£47,877.41",,Actuary,Tokyo,9.99,Premium
c176,Gilburt,Ketton,gketton4v@microsoft.com,05/12/2010,M,"£21,668.77",,Recruiting Manager,Hamburg,9.99,Premium
c177,Dion,Whickman,dwhickman4w@mtv.com,02/04/2014,F,"£35,420.97",,Registered Nurse,New York,7.99,Standard
c178,Cele,Nehl,,27/04/2011,F,"£26,019.98",,,Melbourne,9.99,Premium
c179,Cirilo,MacChaell,cmacchaell4y@shop-pro.jp,01/06/2012,M,"£22,919.55",,Associate Professor,London,7.99,Standard
c180,Nertie,Oleszkiewicz,,09/09/2021,F,"£71,589.95",,,Tokyo,7.99,Standard
c181,Ancell,Bruhn,abruhn50@netvibes.com,03/07/2011,M,"£47,582.38",,VP Sales,Lisbon,7.99,Standard
c182,Egor,Lakeland,elakeland51@e-recht24.de,23/10/2015,M,"£38,911.26",,Software Consultant,Berlin,9.99,Premium
c183,Ferdinand,Hubatsch,fhubatsch52@mapy.cz,07/01/2011,M,"£54,247.63",,Data Coordiator,Chicago,9.99,Premium
c184,Jaine,Tilby,jtilby53@bigcartel.com,21/08/2012,F,"£32,947.56",,Senior Developer,Amsterdam,9.99,Premium
c185,Franky,Sole,fsole54@diigo.com,20/04/2017,M,"£35,193.10",,Help Desk Operator,Los Angeles,3.99,Basic
c186,Sibella,Yggo,syggo55@princeton.edu,20/07/2015,F,"£45,370.16",,Graphic Designer,Chicago,7.99,Standard
c187,Brewster,Moylan,bmoylan56@canalblog.com,29/12/2020,M,"£46,424.27",,Research Assistant I,Montreal,9.99,Premium
c188,Gipsy,Gobat,ggobat57@discuz.net,15/07/2011,F,"£57,225.24",,Quality Control Specialist,Melbourne,3.99,Basic
c189,Coop,Climar,,22/03/2013,M,"£21,415.04",,,Chicago,3.99,Basic
c190,Elle,Prendiville,eprendiville59@free.fr,16/01/2016,F,"£39,998.19",,Food Chemist,Edinburgh,9.99,Premium
c191,Moll,Jolley,mjolley5a@reference.com,03/08/2020,F,"£68,498.45",,Developer II,Amsterdam,3.99,Basic
c192,Dredi,Trethowan,dtrethowan5b@sphinn.com,28/04/2014,F,"£23,931.41",,Senior Quality Engineer,Lisbon,7.99,Standard
c193,Paul,Sturney,psturney5c@hexun.com,14/12/2010,M,"£38,226.87",,Software Test Engineer III,Rome,3.99,Basic
c194,Ardelle,Smorfit,asmorfit5d@elegantthemes.com,07/10/2017,F,"£65,589.68",,VP Sales,Berlin,7.99,Standard
c195,Quincy,Rissen,,06/04/2022,M,"£42,611.75",,,Melbourne,9.99,Premium
c196,Letta,Lanktree,,07/10/2019,F,"£71,857.20",,,Paris,3.99,Basic
c197,Mabel,Ringsell,,17/01/2016,F,"£72,537.09",,,Lisbon,9.99,Premium
c198,Inga,Schlagtmans,ischlagtmans5h@icio.us,19/10/2017,F,"£43,600.38",,Teacher,Madrid,7.99,Standard
c199,Jessalyn,Mooreed,jmooreed5i@shop-pro.jp,17/07/2013,F,"£33,976.87",,Product Engineer,Chicago,9.99,Premium
c200,Issie,Bugdell,ibugdell5j@51.la,03/05/2011,F,"£26,375.04",,Senior Financial Analyst,Chicago,9.99,Premium
c201,Gauthier,Uman,guman5k@etsy.com,01/01/2020,M,"£59,083.35",,Project Manager,Chicago,7.99,Standard
c202,Patrice,De Castri,pdecastri5l@hubpages.com,27/06/2012,F,"£67,754.80",,Clinical Specialist,Los Angeles,3.99,Basic
c203,Piper,Everill,peverill5m@sogou.com,14/04/2016,F,"£31,625.27",,Automation Specialist II,Melbourne,9.99,Premium
c204,Biddie,Loughrey,bloughrey5n@gov.uk,29/03/2019,F,"£51,395.78",,Nurse,Montreal,9.99,Premium
c205,Keene,Bunting,kbunting5o@stanford.edu,13/06/2014,M,"£32,836.66",,Marketing Manager,Paris,3.99,Basic
c206,Wallie,Dwerryhouse,wdwerryhouse5p@umich.edu,17/12/2019,M,"£56,805.86",,Executive Secretary,Edinburgh,3.99,Basic
c207,Stan,Embery,sembery5q@salon.com,21/03/2014,M,"£41,545.31",,Marketing Assistant,Montreal,7.99,Standard
c208,Skylar,Bamborough,sbamborough5r@opera.com,05/11/2021,M,"£26,005.03",,Environmental Tech,Tokyo,3.99,Basic
c209,Florian,Alyonov,falyonov5s@pagesperso-orange.fr,22/01/2013,M,"£45,329.81",,Senior Financial Analyst,Amsterdam,9.99,Premium
,,,,,,,,,,,
c210,Amory,Franek,afranek5t@twitter.com,07/03/2013,M,"£56,189.52",,Associate Professor,Chicago,3.99,Basic
c211,Cymbre,Ruslin,cruslin5u@booking.com,15/12/2011,F,"£41,204.18",,Occupational Therapist,Toronto,7.99,Standard
c212,Celinka,Bradnam,,12/07/2020,F,"£20,618.01",,,Los Angeles,3.99,Basic
c213,Itch,Duesbury,,26/05/2017,M,"£27,925.34",,,Sydney,9.99,Premium
c214,Francesco,Pickard,fpickard5x@baidu.com,15/12/2021,M,"£59,185.90",,Sales Representative,Melbourne,7.99,Standard
c215,Jonis,Mabbe,jmabbe5y@answers.com,02/04/2011,F,"£74,454.29",,Help Desk Operator,Berlin,3.99,Basic
c216,Alissa,DelaField,adelafield5z@nytimes.com,29/11/2017,F,"£56,632.37",,Safety Technician III,Edinburgh,3.99,Basic
c217,Annissa,Sudddard,asudddard60@hugedomains.com,04/08/2019,F,"£22,960.97",,Payment Adjustment Coordinator,Edinburgh,9.99,Premium
c218,Jessy,Mandal,jmandal61@ibm.com,06/06/2011,F,"£58,254.31",,Recruiting Manager,Lisbon,3.99,Basic
c219,Kore,Mousdall,,27/10/2016,F,"£65,336.79",,,Toronto,9.99,Premium
c220,Janie,Demsey,jdemsey63@networkadvertising.org,02/10/2014,F,"£48,601.53",,Quality Control Specialist,New York,3.99,Basic
c221,Trixie,Palek,tpalek64@pcworld.com,04/04/2019,F,"£72,237.85",,Help Desk Operator,Delhi,9.99,Premium
c222,Mart,Houlton,mhoulton65@flickr.com,08/09/2013,M,"£67,766.77",,Statistician III,Rome,7.99,Standard
,,,,,,,,,,,
c223,Adolphe,Shaughnessy,ashaughnessy66@accuweather.com,24/04/2013,M,"£73,548.54",,Business Systems Development Analyst,Los Angeles,3.99,Basic
c223,Adolphe,Shaughnessy,ashaughnessy66@accuweather.com,24/04/2013,M,"£73,548.54",,Business Systems Development Analyst,Los Angeles,3.99,Basic
c224,Muffin,Budibent,mbudibent67@arstechnica.com,18/01/2014,M,"£61,894.66",,Editor,Geneva,7.99,Standard
c225,Michelle,Fike,mfike68@usatoday.com,28/08/2020,F,"£70,295.03",,Structural Analysis Engineer,Berlin,9.99,Premium
c226,Kaleena,Schutze,kschutze69@opensource.org,04/12/2015,F,"£56,524.54",,VP Marketing,Geneva,7.99,Standard
c227,Willem,Stoyell,wstoyell6a@comsenz.com,03/12/2012,M,"£30,127.81",,Computer Systems Analyst I,Lisbon,7.99,Standard
c228,Evangeline,Stenet,estenet6b@telegraph.co.uk,10/08/2015,F,"£69,365.03",,Teacher,Los Angeles,7.99,Standard
c229,Thorstein,Brasher,tbrasher6c@cdbaby.com,04/03/2021,M,"£73,724.05",,Civil Engineer,Sydney,9.99,Premium
c230,Waldo,Ludwell,wludwell6d@rediff.com,19/02/2015,M,"£52,103.40",,VP Product Management,New York,7.99,Standard
c231,Mair,Castilla,mcastilla6e@de.vu,02/02/2012,F,"£47,072.67",,Database Administrator II,Madrid,9.99,Premium
c232,Regina,Fieldstone,rfieldstone6f@ibm.com,18/12/2013,F,"£73,790.80",,VP Product Management,Rome,7.99,Standard
c233,Darcee,Ibbotson,dibbotson6g@lycos.com,22/07/2012,F,"£68,255.86",,Developer II,Paris,9.99,Premium
c234,Ula,Wellington,uwellington6h@nydailynews.com,13/03/2012,F,"£31,359.65",,Senior Financial Analyst,Berlin,7.99,Standard
c235,Rriocard,Dominik,rdominik6i@hhs.gov,11/07/2012,M,"£66,728.63",,Marketing Manager,Montreal,3.99,Basic
c236,Jeremiah,Maude,jmaude6j@bloomberg.com,17/05/2013,M,"£31,183.65",,Civil Engineer,London,9.99,Premium
c237,Randy,Greir,rgreir6k@issuu.com,07/04/2014,M,"£55,467.26",,Quality Control Specialist,Rome,9.99,Premium
c238,Greg,Pothergill,gpothergill6l@surveymonkey.com,29/06/2016,M,"£65,265.67",,Information Systems Manager,Rome,7.99,Standard
c239,Forester,Schutter,fschutter6m@japanpost.jp,01/12/2019,M,"£30,910.45",,Account Coordinator,Geneva,7.99,Standard
c240,Vinnie,Bloys,vbloys6n@trellian.com,17/07/2022,M,"£71,269.89",,Registered Nurse,Los Angeles,9.99,Premium
c241,Eloisa,Janicijevic,ejanicijevic6o@icq.com,21/01/2012,F,"£32,458.49",,Technical Writer,Amsterdam,3.99,Basic
c242,Shanie,Matis,smatis6p@disqus.com,21/11/2020,F,"£55,700.47",,VP Marketing,Paris,7.99,Standard
c243,Kinsley,Masterson,,13/11/2012,M,"£30,346.63",,,Berlin,9.99,Premium
c244,Engelbert,Hush,ehush6r@altervista.org,01/03/2014,M,"£70,515.02",,Teacher,Delhi,3.99,Basic
c245,Celia,Brumen,cbrumen6s@netscape.com,05/04/2019,F,"£33,657.41",,Accountant II,New York,7.99,Standard
c246,Tedie,Fisbey,tfisbey6t@freewebs.com,02/09/2011,M,"£65,292.94",,Engineer II,Melbourne,3.99,Basic
c247,Kimmie,Van Driel,kvandriel6u@scientificamerican.com,20/11/2016,F,"£62,461.48",,Tax Accountant,New York,9.99,Premium
c248,Stella,Hainey,shainey6v@issuu.com,20/07/2016,F,"£21,437.84",,Staff Accountant II,Geneva,3.99,Basic
c249,Briant,Yerrall,byerrall6w@cdc.gov,12/02/2021,M,"£58,961.62",,Recruiting Manager,Toronto,3.99,Basic
c250,Teddy,Abbott,tabbott6x@dedecms.com,22/04/2013,F,"£47,281.43",,Quality Engineer,Lisbon,7.99,Standard
c251,Remington,Ponton,rponton6y@tamu.edu,20/08/2018,M,"£23,410.48",,Business Systems Development Analyst,Los Angeles,7.99,Standard
c252,Baily,O'Lennane,bolennane6z@arstechnica.com,18/07/2021,M,"£42,566.26",,Senior Developer,Sydney,3.99,Basic
c253,Franny,Boanas,fboanas70@youtube.com,06/07/2015,M,"£29,922.11",,Payment Adjustment Coordinator,Rome,3.99,Basic
c254,Nate,Connew,nconnew71@nymag.com,23/11/2015,M,"£44,073.44",,Structural Engineer,Hamburg,7.99,Standard
c255,Toby,Strawbridge,tstrawbridge72@chicagotribune.com,05/02/2021,M,"£55,871.16",,Database Administrator I,Sydney,7.99,Standard
c256,Lorin,Herity,lherity73@ucsd.edu,16/04/2013,M,"£26,158.28",,Executive Secretary,Amsterdam,9.99,Premium
c257,Dani,McNellis,dmcnellis74@eventbrite.com,19/12/2012,F,"£55,296.96",,Accounting Assistant IV,Melbourne,9.99,Premium
c258,Maxi,McCory,mmccory75@shareasale.com,13/05/2014,F,"£33,188.27",,Operator,Edinburgh,9.99,Premium
c259,Beckie,Gowenlock,bgowenlock76@unicef.org,25/08/2015,F,"£57,468.60",,Chief Design Engineer,Hamburg,9.99,Premium
c260,Aurel,Ivanishchev,aivanishchev77@va.gov,12/06/2019,F,"£61,529.05",,Cost Accountant,Lisbon,7.99,Standard
,,,,,,,,,,,
c261,Ware,Bracknall,wbracknall78@usnews.com,08/08/2017,M,"£52,975.50",,Structural Analysis Engineer,New York,9.99,Premium
c262,Daryle,Sines,,19/05/2021,M,"£25,217.31",,,Sydney,3.99,Basic
c263,Elicia,Opie,,27/11/2016,F,"£30,713.43",,,Paris,3.99,Basic
c264,Leola,Labat,llabat7b@stumbleupon.com,16/09/2019,F,"£48,958.85",,Product Engineer,Hamburg,3.99,Basic
c265,Ingaberg,Dinning,idinning7c@unblog.fr,10/12/2014,F,"£34,472.98",,Executive Secretary,Berlin,7.99,Standard
c266,Katya,Wilcott,kwilcott7d@pcworld.com,07/07/2021,F,"£32,761.30",,Tax Accountant,Delhi,9.99,Premium
c267,Wilfred,Lewis,,04/02/2013,M,"£66,190.90",,,New York,3.99,Basic
c268,Ashien,Bank,abank7f@goo.ne.jp,17/03/2016,F,"£34,870.93",,Executive Secretary,New York,7.99,Standard
c269,Killy,Screas,,18/03/2020,M,"£38,224.12",,,Chicago,9.99,Premium
c270,Ameline,Constantine,,19/01/2015,F,"£33,012.03",,,Hamburg,9.99,Premium
c271,Frederic,Noel,fnoel7i@scientificamerican.com,13/03/2011,M,"£27,643.68",,Registered Nurse,Geneva,7.99,Standard
c272,Emeline,Klimke,eklimke7j@oakley.com,25/09/2015,F,"£58,062.50",,Dental Hygienist,Chicago,3.99,Basic
c273,Felicity,Iuorio,fiuorio7k@4shared.com,19/11/2018,F,"£35,705.30",,Media Manager IV,London,7.99,Standard
c274,Kareem,Falk,kfalk7l@mac.com,14/08/2017,M,"£60,694.20",,Dental Hygienist,London,9.99,Premium
c275,Elberta,Harrower,eharrower7m@nih.gov,10/10/2011,F,"£70,072.63",,Quality Control Specialist,New York,7.99,Standard
c276,Ula,Burde,,01/04/2017,F,"£40,092.52",,,Edinburgh,3.99,Basic
c277,Frederico,Toe,ftoe7o@state.gov,02/02/2021,M,"£55,034.30",,Electrical Engineer,Lisbon,3.99,Basic
c278,Chiquia,Huckerbe,chuckerbe7p@dedecms.com,13/08/2012,F,"£74,487.59",,Administrative Assistant III,Copenhagen,3.99,Basic
,,,,,,,,,,,
,,,,,,,,,,,
c279,Jermayne,Robardey,jrobardey7q@admin.ch,27/10/2018,M,"£49,461.20",,Marketing Assistant,Melbourne,9.99,Premium
c280,Brennen,Barwis,bbarwis7r@google.com.hk,29/10/2020,M,"£48,663.07",,Health Coach IV,Lisbon,7.99,Standard
c281,Cilka,Bette,cbette7s@technorati.com,22/08/2016,F,"£52,873.77",,Geologist II,Copenhagen,7.99,Standard
c282,Englebert,Link,,21/11/2016,M,"£31,583.26",,,Hamburg,9.99,Premium
c283,Ana,Lemmanbie,alemmanbie7u@yahoo.com,04/04/2021,F,"£49,802.31",,Cost Accountant,Madrid,3.99,Basic
c284,Guy,Thaller,gthaller7v@va.gov,18/04/2014,M,"£56,256.80",,Cost Accountant,Delhi,3.99,Basic
c285,Izzy,Duran,iduran7w@adobe.com,07/11/2015,M,"£70,204.09",,Operator,Tokyo,7.99,Standard
c286,Osborne,Bigglestone,obigglestone7x@pcworld.com,13/06/2021,M,"£55,549.21",,Automation Specialist IV,Edinburgh,3.99,Basic
c287,Adda,Farny,afarny7y@unicef.org,16/05/2011,F,"£53,283.61",,Executive Secretary,Madrid,3.99,Basic
c288,Jerri,Drane,jdrane7z@wsj.com,04/04/2014,M,"£44,721.12",,Technical Writer,Los Angeles,7.99,Standard
c289,Flossi,Fidele,ffidele80@skype.com,29/07/2020,F,"£57,865.75",,Senior Financial Analyst,Rome,9.99,Premium
c290,Giorgia,Gamlin,ggamlin81@mediafire.com,01/02/2015,F,"£43,074.17",,Occupational Therapist,Amsterdam,7.99,Standard
c291,Esme,Atteridge,eatteridge82@opensource.org,09/04/2017,F,"£24,364.18",,Compensation Analyst,New York,7.99,Standard
c292,Rosalyn,Medlar,,09/08/2018,F,"£73,464.00",,,Amsterdam,9.99,Premium
c293,Michele,Wye,mwye84@drupal.org,12/04/2020,F,"£56,141.73",,Senior Cost Accountant,Lisbon,3.99,Basic
c294,Florette,Whitington,fwhitington85@oakley.com,17/01/2012,F,"£59,571.39",,Marketing Assistant,Geneva,9.99,Premium
c295,Buddy,Stallworth,bstallworth86@vkontakte.ru,06/05/2015,M,"£39,601.49",,Graphic Designer,Montreal,3.99,Basic
c296,Lorain,Lamberteschi,llamberteschi87@ft.com,05/08/2013,F,"£52,543.79",,Database Administrator IV,Tokyo,9.99,Premium
c297,Winfield,Lambourne,,09/01/2011,M,"£58,708.93",,,Montreal,9.99,Premium
c298,Christina,Reekie,creekie89@economist.com,31/03/2018,F,"£53,284.04",,Help Desk Operator,New York,9.99,Premium
c299,Etan,Le Gall,elegall8a@japanpost.jp,22/02/2011,M,"£50,588.50",,Legal Assistant,Chicago,9.99,Premium
c300,Doyle,Hammel,dhammel8b@bloomberg.com,28/09/2018,M,"£47,006.85",,Assistant Media Planner,Sydney,3.99,Basic
c301,Rodina,Crosdill,,24/10/2021,F,"£46,114.64",,,Geneva,3.99,Basic
c302,Augy,Bothwell,abothwell8d@google.it,29/01/2019,M,"£37,884.05",,Legal Assistant,Delhi,3.99,Basic
c303,Garrott,Proback,gproback8e@europa.eu,24/10/2014,M,"£22,535.38",,Desktop Support Technician,Amsterdam,9.99,Premium
c304,Rodie,Newick,rnewick8f@scientificamerican.com,17/03/2021,F,"£41,735.66",,Information Systems Manager,Amsterdam,9.99,Premium
c305,Anica,Farny,afarny8g@over-blog.com,07/04/2022,F,"£21,541.11",,Software Consultant,Geneva,3.99,Basic
c306,Modesta,Durdle,,02/05/2021,F,"£33,145.99",,,Tokyo,7.99,Standard
c307,Oliver,Stellino,ostellino8i@bing.com,22/11/2014,M,"£52,684.55",,Geological Engineer,Edinburgh,9.99,Premium
c308,Hilary,Cribbins,hcribbins8j@biblegateway.com,24/06/2019,M,"£51,907.15",,Administrative Assistant IV,London,7.99,Standard
c309,Adoree,Ponting,aponting8k@sun.com,15/10/2013,F,"£70,366.00",,Web Developer I,New York,3.99,Basic
c310,Nannie,Slyme,nslyme8l@twitpic.com,06/02/2016,F,"£46,064.36",,Mechanical Systems Engineer,Melbourne,3.99,Basic
c311,Liliane,Doret,ldoret8m@theglobeandmail.com,28/11/2013,F,"£70,324.30",,Web Developer III,Copenhagen,9.99,Premium
c312,Pembroke,Dwelly,pdwelly8n@nydailynews.com,05/10/2021,M,"£28,984.50",,Legal Assistant,Toronto,3.99,Basic
c313,Des,Adamski,dadamski8o@stumbleupon.com,03/02/2020,M,"£45,926.19",,Junior Executive,Copenhagen,9.99,Premium
c314,Herby,Vearncomb,hvearncomb8p@chicagotribune.com,20/01/2022,M,"£73,620.21",,Clinical Specialist,London,9.99,Premium
c315,Nevile,Pendall,npendall8q@yelp.com,04/12/2018,M,"£54,493.61",,Speech Pathologist,Delhi,7.99,Standard
c316,Wilton,Hanniger,whanniger8r@gravatar.com,02/01/2017,M,"£43,385.84",,Account Executive,Sydney,7.99,Standard
,,,,,,,,,,,
c317,Rance,Westoll,,16/02/2022,M,"£32,695.40",,,New York,7.99,Standard
c318,Langston,Trafford,ltrafford8t@tiny.cc,12/03/2014,M,"£66,150.42",,Administrative Officer,London,9.99,Premium
c319,Scot,Champ,schamp8u@answers.com,07/12/2021,M,"£40,075.61",,Statistician II,Lisbon,3.99,Basic
c320,Spence,Humpatch,,20/05/2021,M,"£67,833.89",,,London,9.99,Premium
c321,Korey,Foulgham,kfoulgham8w@stanford.edu,26/11/2020,M,"£60,337.67",,Product Engineer,Melbourne,9.99,Premium
c322,Georgine,McCourt,gmccourt8x@ucoz.ru,11/10/2017,F,"£21,146.65",,Environmental Tech,Madrid,3.99,Basic
c323,Ophelia,Salvin,osalvin8y@multiply.com,29/10/2015,F,"£55,549.72",,Office Assistant II,Hamburg,7.99,Standard
c324,Jameson,Milbank,jmilbank8z@marriott.com,27/05/2012,M,"£34,536.22",,Desktop Support Technician,Madrid,3.99,Basic
c325,Tuck,Dance,tdance90@github.io,07/08/2020,M,"£73,407.91",,Accountant III,Tokyo,9.99,Premium
c326,Corrie,Lecordier,clecordier91@latimes.com,15/11/2020,M,"£46,635.13",,Compensation Analyst,Delhi,3.99,Basic
c327,Mychal,Trigg,mtrigg92@youku.com,13/01/2021,M,"£72,124.38",,Teacher,Rome,9.99,Premium
c328,Charles,Bernadot,cbernadot93@ask.com,10/05/2014,M,"£54,825.69",,Web Developer IV,Berlin,9.99,Premium
c329,Ole,Piscopiello,opiscopiello94@digg.com,25/11/2021,M,"£25,048.83",,Operator,Madrid,7.99,Standard
c330,Georgie,Lanigan,glanigan95@networksolutions.com,20/04/2015,F,"£25,269.97",,VP Quality Control,Montreal,9.99,Premium
c331,Kailey,Ovitts,kovitts96@fastcompany.com,02/05/2021,F,"£51,411.86",,Senior Quality Engineer,Toronto,9.99,Premium
c332,Mariska,Geistmann,mgeistmann97@live.com,10/01/2021,F,"£51,311.76",,Help Desk Operator,Paris,9.99,Premium
c333,Ranice,O'Ferris,roferris98@wp.com,10/11/2021,F,"£36,348.06",,Web Designer II,Geneva,9.99,Premium
c334,Cari,Blazy,cblazy99@networksolutions.com,18/06/2016,F,"£68,716.40",,Quality Control Specialist,Amsterdam,3.99,Basic
c335,Luce,Barneveld,,30/05/2014,F,"£35,615.37",,,Edinburgh,3.99,Basic
c336,Hildagarde,Mulqueeny,hmulqueeny9b@360.cn,04/11/2012,F,"£27,912.63",,Analyst Programmer,Chicago,9.99,Premium
c337,Abby,Reinhardt,areinhardt9c@ning.com,23/01/2013,M,"£62,373.69",,Operator,Copenhagen,3.99,Basic
c338,Sigismundo,Penright,spenright9d@bloomberg.com,10/12/2010,M,"£60,771.69",,VP Marketing,New York,7.99,Standard
c339,Kym,MacKessock,kmackessock9e@ask.com,23/03/2019,F,"£64,535.24",,Data Coordiator,Madrid,7.99,Standard
c340,Lotti,Taill,ltaill9f@apple.com,16/02/2017,F,"£28,055.47",,Web Developer I,Delhi,3.99,Basic
c341,Nikolaos,Audry,,10/01/2021,M,"£42,259.83",,,Sydney,9.99,Premium
c342,Jonah,Cornu,,30/09/2013,M,"£31,013.03",,,Rome,9.99,Premium
c343,Mady,Blint,mblint9i@nsw.gov.au,13/02/2016,F,"£49,316.58",,Chief Design Engineer,Delhi,9.99,Premium
c344,Beauregard,Robrose,brobrose9j@bizjournals.com,02/07/2016,M,"£40,433.64",,Civil Engineer,New York,7.99,Standard
c345,Raychel,Drohane,,18/07/2020,F,"£49,125.28",,,Rome,3.99,Basic
c346,Arne,Pillington,apillington9l@sun.com,29/03/2014,M,"£20,507.39",,Structural Engineer,Tokyo,9.99,Premium
c347,Nata,Derrett,,05/03/2016,F,"£34,811.09",,,Sydney,9.99,Premium
c348,Elly,Atkins,,13/01/2012,F,"£63,660.52",,,Chicago,7.99,Standard
c349,Errol,Aykroyd,eaykroyd9o@tuttocitta.it,27/06/2020,M,"£67,581.61",,Professor,Delhi,7.99,Standard
c350,Zechariah,Bracegirdle,zbracegirdle9p@fotki.com,24/04/2011,M,"£54,629.00",,GIS Technical Architect,Amsterdam,3.99,Basic
c351,Jameson,Valiant,jvaliant9q@marriott.com,17/04/2011,M,"£42,645.61",,Executive Secretary,Berlin,3.99,Basic
c352,Carlo,Witherup,,20/12/2021,M,"£48,440.53",,,Copenhagen,7.99,Standard
c353,Cortie,Maureen,cmaureen9s@amazon.de,27/12/2018,M,"£62,987.96",,Software Consultant,Copenhagen,9.99,Premium
c354,Bud,Waddilow,,26/11/2012,M,"£70,504.52",,,London,3.99,Basic
c355,Milt,Husband,,10/06/2014,M,"£54,482.10",,,Tokyo,3.99,Basic
c356,Cirstoforo,Cone,ccone9v@yellowbook.com,06/07/2022,M,"£28,228.20",,Speech Pathologist,Chicago,9.99,Premium
c357,Corrie,Chupin,cchupin9w@spotify.com,10/01/2011,F,"£50,265.28",,Quality Control Specialist,Berlin,9.99,Premium
c358,Karee,Maddox,kmaddox9x@mayoclinic.com,20/04/2015,F,"£69,478.96",,Internal Auditor,Los Angeles,3.99,Basic
c359,Arvie,Ashtonhurst,,04/10/2022,M,"£20,665.23",,,Amsterdam,3.99,Basic
c360,Beryle,Annwyl,bannwyl9z@bing.com,21/08/2017,F,"£57,908.47",,Software Engineer I,Chicago,3.99,Basic
c361,Marcellina,Gritskov,mgritskova0@fema.gov,16/12/2017,F,"£50,760.95",,Dental Hygienist,Geneva,9.99,Premium
c362,Yetty,Oxer,yoxera1@flavors.me,28/03/2021,F,"£36,366.03",,Pharmacist,Copenhagen,3.99,Basic
c363,Aubine,Iwaszkiewicz,aiwaszkiewicza2@desdev.cn,03/11/2011,F,"£66,150.12",,Associate Professor,New York,3.99,Basic
c364,Geri,Franceschino,,09/05/2015,F,"£74,061.85",,,Tokyo,9.99,Premium
c365,Gena,Levitt,glevitta4@simplemachines.org,30/04/2013,F,"£35,236.34",,Registered Nurse,Edinburgh,7.99,Standard
c366,Corey,Turpie,cturpiea5@ucoz.com,14/02/2021,M,"£30,386.53",,Web Designer I,Chicago,9.99,Premium
c367,Mahmoud,Dimelow,mdimelowa6@pen.io,02/08/2012,M,"£51,575.35",,Senior Sales Associate,Montreal,7.99,Standard
c368,Gaspard,Bichener,gbichenera7@umn.edu,29/10/2019,M,"£71,376.38",,Cost Accountant,Melbourne,9.99,Premium
c369,Udell,Spry,usprya8@vinaora.com,15/09/2021,M,"£63,587.23",,Environmental Tech,Amsterdam,7.99,Standard
c370,Lemmy,Stoppard,lstopparda9@clickbank.net,19/12/2012,M,"£40,403.79",,Office Assistant III,Hamburg,9.99,Premium
c371,Livvyy,Hunter,lhunteraa@over-blog.com,09/04/2020,F,"£67,735.59",,Project Manager,Paris,9.99,Premium
c372,Rosy,O'Fallowne,rofallowneab@bizjournals.com,07/06/2014,F,"£53,902.48",,Pharmacist,Amsterdam,7.99,Standard
c373,Ernest,Furney,,12/07/2018,M,"£45,225.34",,,Rome,7.99,Standard
c374,Marika,Itzkovwich,,03/07/2022,F,"£70,066.71",,,Sydney,7.99,Standard
c375,June,MacKereth,jmackerethae@sourceforge.net,29/04/2012,F,"£70,514.61",,Clinical Specialist,Copenhagen,7.99,Standard
c376,Deanna,Haslewood,dhaslewoodaf@uol.com.br,02/01/2016,F,"£65,836.75",,Office Assistant IV,Hamburg,7.99,Standard
c377,Con,Sabey,csabeyag@issuu.com,06/01/2015,F,"£61,691.09",,Recruiting Manager,New York,7.99,Standard
c378,Dilly,Kibel,dkibelah@meetup.com,05/11/2016,M,"£34,717.45",,Quality Engineer,Toronto,3.99,Basic
c379,Millard,Gillford,mgillfordai@independent.co.uk,20/02/2019,M,"£34,608.81",,VP Accounting,Sydney,9.99,Premium
c380,Elvira,Weatherburn,eweatherburnaj@dell.com,26/09/2022,F,"£41,431.20",,Computer Systems Analyst IV,Chicago,9.99,Premium
c381,Coretta,Blastock,cblastockak@artisteer.com,28/12/2021,F,"£49,168.27",,Research Assistant II,Paris,7.99,Standard
c382,Briggs,MattiCCI,bmatticcial@trellian.com,23/03/2017,M,"£29,937.30",,Research Nurse,Paris,9.99,Premium
c383,Carlen,Bussell,,20/04/2022,F,"£63,062.91",,,Amsterdam,3.99,Basic
c384,Alys,Boller,abolleran@cyberchimps.com,06/03/2012,F,"£61,920.64",,Desktop Support Technician,Berlin,7.99,Standard
c385,Gwendolen,Badham,gbadhamao@google.co.uk,30/12/2020,F,"£31,677.61",,Registered Nurse,Madrid,9.99,Premium
c386,Barbara,Pamplin,,21/04/2015,F,"£59,852.09",,,Amsterdam,9.99,Premium
c387,Ethelred,Youell,eyouellaq@godaddy.com,08/08/2021,M,"£46,164.96",,Marketing Manager,Delhi,9.99,Premium
c388,Cleo,Minshull,,13/09/2021,F,"£46,152.56",,,New York,3.99,Basic
c389,Moyna,Savins,,17/12/2020,F,"£47,957.26",,,Hamburg,9.99,Premium
c390,Honor,Pinsent,,22/08/2012,F,"£65,148.57",,,London,3.99,Basic
c391,Feodor,Raithbie,,03/08/2022,M,"£48,479.10",,,Berlin,9.99,Premium
c392,Faustina,Paolino,,10/12/2018,F,"£22,306.65",,,Berlin,3.99,Basic
c393,Kathy,Jenney,kjenneyaw@google.ru,01/04/2016,F,"£21,502.32",,Quality Engineer,London,7.99,Standard
c394,Bertie,Chuck,bchuckax@reddit.com,01/08/2013,F,"£36,797.65",,Account Executive,Sydney,9.99,Premium
c395,Mahmoud,Haversum,mhaversumay@newsvine.com,18/07/2021,M,"£41,655.45",,Information Systems Manager,Melbourne,7.99,Standard
c396,Erasmus,Stallion,,08/09/2020,M,"£69,661.82",,,Tokyo,9.99,Premium
c397,Creight,Shewsmith,cshewsmithb0@ox.ac.uk,04/04/2018,M,"£22,262.11",,VP Quality Control,Hamburg,9.99,Premium
c398,Cassius,Daville,cdavilleb1@barnesandnoble.com,08/10/2019,M,"£71,806.30",,Engineer III,Melbourne,9.99,Premium
c399,Darryl,Reinisch,dreinischb2@guardian.co.uk,11/03/2019,M,"£57,454.32",,Dental Hygienist,Chicago,3.99,Basic
c400,Dallis,Albertson,,04/06/2012,M,"£55,486.78",,,Delhi,7.99,Standard
c401,Antoine,Merkel,amerkelb4@domainmarket.com,01/01/2019,M,"£47,506.94",,Senior Financial Analyst,Tokyo,3.99,Basic
c402,Shell,Southon,ssouthonb5@dell.com,01/03/2012,M,"£63,287.77",,Marketing Manager,Paris,7.99,Standard
c403,Rawley,Whetnell,rwhetnellb6@newyorker.com,30/07/2015,M,"£21,060.60",,Paralegal,Tokyo,7.99,Standard
c404,Cristal,Merrgen,cmerrgenb7@statcounter.com,08/09/2013,F,"£65,548.19",,Analyst Programmer,Sydney,9.99,Premium
c405,Corissa,Raistrick,,03/08/2016,F,"£49,872.57",,,Los Angeles,3.99,Basic
c406,Sal,Jersh,sjershb9@miibeian.gov.cn,07/11/2017,F,"£43,459.39",,Food Chemist,Berlin,3.99,Basic
c407,Bettine,Lownes,blownesba@ucoz.ru,08/01/2022,F,"£50,216.61",,Structural Analysis Engineer,Hamburg,9.99,Premium
c408,Carr,Tetford,ctetfordbb@paypal.com,25/09/2015,M,"£53,451.88",,Assistant Manager,Melbourne,9.99,Premium
c409,Florette,Crewe,fcrewebc@rambler.ru,24/12/2013,F,"£34,113.13",,Technical Writer,Hamburg,7.99,Standard
c410,Kaspar,Billany,kbillanybd@odnoklassniki.ru,16/05/2012,M,"£30,923.61",,Civil Engineer,Hamburg,3.99,Basic
c411,Jeanelle,Mathis,jmathisbe@mlb.com,07/03/2016,F,"£39,326.15",,VP Marketing,Montreal,9.99,Premium
c412,Noel,Beachamp,nbeachampbf@umich.edu,27/02/2016,M,"£43,943.66",,Software Test Engineer IV,Delhi,3.99,Basic
c413,Lewes,Pinnocke,lpinnockebg@amazon.co.uk,29/12/2010,M,"£61,439.19",,Environmental Specialist,Chicago,3.99,Basic
c414,Erminia,Cotty,ecottybh@businessinsider.com,27/08/2012,F,"£35,776.24",,Assistant Media Planner,Montreal,3.99,Basic
c415,Egan,Tomasutti,etomasuttibi@g.co,25/07/2016,M,"£62,690.04",,Associate Professor,Toronto,3.99,Basic
c416,Chaim,Bugler,cbuglerbj@blogspot.com,13/03/2020,M,"£53,897.80",,Teacher,Paris,7.99,Standard
c417,Andros,Beare,abearebk@1und1.de,28/11/2013,M,"£27,556.22",,Systems Administrator III,Chicago,7.99,Standard
c418,Cortney,Trevethan,ctrevethanbl@bloglines.com,13/11/2015,F,"£64,691.36",,Environmental Specialist,Hamburg,3.99,Basic
c419,Alysia,Kipping,,27/11/2019,F,"£48,575.53",,,Edinburgh,3.99,Basic
c420,Lovell,Felton,,19/09/2021,M,"£48,749.16",,,London,7.99,Standard
c421,Vallie,Fache,vfachebo@spotify.com,04/06/2012,F,"£61,187.05",,Senior Editor,Sydney,9.99,Premium
c422,Annabela,Guswell,aguswellbp@auda.org.au,23/07/2022,F,"£70,433.05",,Technical Writer,Sydney,7.99,Standard
c423,Bentlee,Torra,btorrabq@webmd.com,11/03/2019,M,"£57,612.58",,VP Marketing,Hamburg,7.99,Standard
c424,Adolphus,Dallosso,adallossobr@lycos.com,30/04/2013,M,"£28,832.36",,Research Nurse,Los Angeles,7.99,Standard
c425,Dreddy,Bartlam,dbartlambs@dailymotion.com,04/01/2019,F,"£67,961.76",,Geologist II,Amsterdam,7.99,Standard
c426,Jacquelin,Blaxlande,jblaxlandebt@npr.org,28/12/2017,F,"£30,472.39",,VP Marketing,Geneva,7.99,Standard
c427,Susanetta,Dimock,sdimockbu@utexas.edu,12/10/2017,F,"£29,575.51",,Community Outreach Specialist,Montreal,3.99,Basic
c428,Herman,Fakeley,hfakeleybv@is.gd,29/09/2020,M,"£42,552.93",,Design Engineer,New York,9.99,Premium
c429,Alard,Dugdale,,01/08/2015,M,"£23,578.79",,,Tokyo,3.99,Basic
c430,Adriena,Davidof,,14/08/2011,F,"£51,984.60",,,London,9.99,Premium
c431,Trish,Zorzenoni,tzorzenoniby@ow.ly,19/12/2012,F,"£29,260.40",,Systems Administrator II,London,9.99,Premium
c432,Zacharias,Shoreman,zshoremanbz@moonfruit.com,23/11/2017,M,"£31,987.37",,Nuclear Power Engineer,Paris,3.99,Basic
c433,Jonell,Kunc,jkuncc0@4shared.com,05/12/2019,F,"£35,439.24",,Junior Executive,London,9.99,Premium
c434,Francyne,Longcake,flongcakec1@umich.edu,16/02/2019,F,"£39,006.81",,Occupational Therapist,Amsterdam,9.99,Premium
c435,Raphaela,Tournay,rtournayc2@slideshare.net,15/07/2016,F,"£67,101.03",,Administrative Assistant II,Lisbon,7.99,Standard
c436,Leontyne,Adger,ladgerc3@nationalgeographic.com,16/11/2019,F,"£70,456.17",,Environmental Specialist,Sydney,3.99,Basic
c437,Laney,Aldous,laldousc4@com.com,06/03/2017,M,"£20,633.11",,Pharmacist,Edinburgh,9.99,Premium
c438,Jodie,Freyn,jfreync5@washington.edu,13/04/2022,F,"£73,573.64",,Social Worker,Toronto,7.99,Standard
c439,Deanne,MacPike,dmacpikec6@intel.com,20/11/2014,F,"£50,895.55",,Nurse,Edinburgh,3.99,Basic
c440,Wyndham,Pickover,wpickoverc7@businessweek.com,28/02/2020,M,"£65,562.52",,Environmental Tech,Amsterdam,3.99,Basic
c441,Eddie,McPherson,emcphersonc8@weather.com,15/07/2012,M,"£22,247.45",,GIS Technical Architect,Montreal,7.99,Standard
c442,Josiah,Banaszkiewicz,,01/11/2014,M,"£28,963.26",,,Toronto,7.99,Standard
c443,Ellette,Mitchely,emitchelyca@com.com,02/09/2019,F,"£70,066.70",,Marketing Assistant,Edinburgh,9.99,Premium
c444,Siana,Coveny,scovenycb@myspace.com,16/11/2016,F,"£33,288.04",,Technical Writer,Toronto,7.99,Standard
c445,Jarrett,Dugald,jdugaldcc@yale.edu,31/01/2016,M,"£50,989.69",,Sales Representative,New York,9.99,Premium
c446,Nikolas,Franiak,nfraniakcd@businesswire.com,03/08/2011,M,"£23,855.53",,Product Engineer,Geneva,9.99,Premium
c447,Amabel,Dyball,adyballce@netscape.com,22/03/2014,F,"£36,259.93",,Product Engineer,London,7.99,Standard
c448,Anatole,Matuskiewicz,amatuskiewiczcf@exblog.jp,09/11/2011,M,"£51,921.49",,Recruiter,Delhi,3.99,Basic
c449,Reggy,Jindacek,rjindacekcg@example.com,17/09/2018,M,"£38,264.14",,Administrative Officer,Chicago,3.99,Basic
c450,Christiano,Opdenort,copdenortch@nymag.com,17/01/2016,M,"£28,943.04",,Occupational Therapist,London,3.99,Basic
c451,Antonino,Benet,abenetci@free.fr,19/05/2021,M,"£63,601.67",,General Manager,Geneva,7.99,Standard
c452,Gherardo,Dunkinson,gdunkinsoncj@nba.com,05/12/2019,M,"£50,390.35",,Junior Executive,Los Angeles,9.99,Premium
c453,Alberta,Cowing,,06/10/2014,F,"£51,151.77",,,Rome,3.99,Basic
c454,Glenna,Laughtisse,glaughtissecl@berkeley.edu,12/04/2013,F,"£33,016.56",,Director of Sales,Berlin,3.99,Basic
c455,Antonio,Burrass,,17/09/2018,M,"£30,913.50",,,Chicago,3.99,Basic
c456,Coreen,Lamperd,clamperdcn@blinklist.com,28/10/2015,F,"£40,154.61",,Professor,Madrid,3.99,Basic
c457,Hammad,Calway,hcalwayco@imdb.com,27/06/2016,M,"£68,503.98",,Senior Editor,Sydney,9.99,Premium
c458,Lorant,Ceschi,,08/08/2019,M,"£47,295.44",,,Los Angeles,9.99,Premium
c459,Renaldo,Halsey,rhalseycq@dion.ne.jp,31/07/2013,M,"£69,741.80",,Community Outreach Specialist,Geneva,9.99,Premium
c460,Timmie,Skinner,tskinnercr@wsj.com,08/02/2017,M,"£60,599.96",,Speech Pathologist,Paris,9.99,Premium
c461,Virgie,Ughini,,29/08/2017,F,"£68,331.27",,,New York,7.99,Standard
c462,Vanessa,Chisnell,vchisnellct@multiply.com,15/01/2020,F,"£34,965.66",,Junior Executive,Madrid,7.99,Standard
c463,Celestina,Bettenson,cbettensoncu@scribd.com,28/10/2017,F,"£27,955.49",,VP Sales,Tokyo,9.99,Premium
c464,Netty,Crumpton,ncrumptoncv@craigslist.org,29/11/2016,F,"£48,629.90",,Safety Technician II,Rome,7.99,Standard
c465,Dotti,Kilmurray,dkilmurraycw@answers.com,01/04/2013,F,"£45,466.63",,Software Engineer III,Montreal,7.99,Standard
c466,Christiana,Lumbers,clumberscx@earthlink.net,18/06/2011,F,"£57,259.44",,Account Representative II,Chicago,7.99,Standard
c467,Anna,Paulus,apauluscy@wix.com,03/03/2012,F,"£21,793.14",,VP Product Management,New York,9.99,Premium
c468,Leonardo,Magog,lmagogcz@admin.ch,19/02/2021,M,"£22,528.05",,Operator,Edinburgh,9.99,Premium
c469,Micheil,Bowler,mbowlerd0@ovh.net,05/12/2016,M,"£38,176.51",,Actuary,Amsterdam,9.99,Premium
c470,Gustavus,Fendley,gfendleyd1@dropbox.com,02/06/2021,M,"£21,350.49",,Account Representative II,Delhi,9.99,Premium
c471,Benyamin,Ruppert,bruppertd2@nsw.gov.au,19/02/2022,M,"£32,494.69",,Geological Engineer,Montreal,7.99,Standard
c472,Johanna,O'Noulane,jonoulaned3@blog.com,12/10/2012,F,"£54,053.33",,Data Coordiator,Copenhagen,9.99,Premium
c473,Enid,Lowrey,elowreyd4@de.vu,16/06/2017,F,"£37,219.59",,Administrative Assistant IV,New York,9.99,Premium
c474,Calley,Bordis,cbordisd5@cbsnews.com,06/11/2015,F,"£47,645.21",,General Manager,Amsterdam,9.99,Premium
c475,Marji,Kovalski,mkovalskid6@cisco.com,23/02/2014,F,"£71,482.44",,Dental Hygienist,Melbourne,3.99,Basic
c476,Hogan,Murrill,hmurrilld7@phoca.cz,23/02/2011,M,"£57,859.82",,Registered Nurse,New York,3.99,Basic
c477,Eudora,Petegree,epetegreed8@fastcompany.com,16/07/2019,F,"£32,539.62",,Dental Hygienist,Lisbon,3.99,Basic
c478,Rhody,Croysdale,rcroysdaled9@wired.com,29/11/2015,F,"£39,184.85",,Analyst Programmer,Rome,9.99,Premium
c479,Elfreda,Kenright,ekenrightda@ameblo.jp,25/03/2022,F,"£53,028.31",,General Manager,Edinburgh,9.99,Premium
c480,Quincy,O' Culligan,,16/04/2022,M,"£52,076.80",,,Hamburg,3.99,Basic
c481,Odell,Sall,osalldc@walmart.com,11/06/2019,M,"£47,617.35",,Chemical Engineer,Copenhagen,7.99,Standard
c482,Catharina,Rishman,crishmandd@cnbc.com,08/06/2018,F,"£66,394.28",,Nurse,New York,7.99,Standard
c483,Jaye,Bambrugh,jbambrughde@sina.com.cn,05/12/2017,M,"£60,711.52",,Physical Therapy Assistant,Berlin,9.99,Premium
c484,Penny,Crease,pcreasedf@hhs.gov,01/01/2019,M,"£71,193.68",,Junior Executive,Edinburgh,9.99,Premium
c485,Opalina,Rubinovitsch,orubinovitschdg@bizjournals.com,07/09/2018,F,"£45,061.66",,Programmer Analyst III,Rome,3.99,Basic
c486,Harper,Poundford,hpoundforddh@blog.com,20/10/2016,M,"£67,946.91",,Administrative Officer,Copenhagen,3.99,Basic
c487,Filbert,Giacometti,fgiacomettidi@vimeo.com,21/02/2014,M,"£66,704.89",,Account Representative I,Lisbon,7.99,Standard
c488,Diahann,Clery,dclerydj@earthlink.net,19/12/2018,F,"£21,386.24",,Research Associate,Montreal,9.99,Premium
c489,Winn,Rushby,wrushbydk@census.gov,05/07/2020,M,"£42,302.91",,Design Engineer,Copenhagen,9.99,Premium
c490,Jarret,Romain,jromaindl@nasa.gov,25/08/2014,M,"£72,755.39",,Environmental Specialist,Madrid,3.99,Basic
c491,Katalin,Baddeley,kbaddeleydm@comsenz.com,27/08/2017,F,"£73,794.98",,VP Accounting,Copenhagen,9.99,Premium
c492,Nigel,Olenchikov,,22/03/2012,M,"£44,148.68",,,Tokyo,7.99,Standard
c493,Bambi,Castagnaro,bcastagnarodo@icq.com,08/11/2018,F,"£30,372.64",,Chemical Engineer,Delhi,9.99,Premium
c494,Jolie,Warsop,jwarsopdp@hibu.com,18/11/2019,F,"£48,540.39",,Data Coordiator,Melbourne,7.99,Standard
c495,Deonne,Asmus,dasmusdq@ucla.edu,31/01/2021,F,"£69,215.09",,VP Accounting,Copenhagen,3.99,Basic
c496,Dodi,Klaas,dklaasdr@exblog.jp,22/09/2021,F,"£23,193.36",,Structural Engineer,Geneva,9.99,Premium
c497,Andee,Handman,ahandmands@hao123.com,21/07/2021,F,"£74,474.69",,Staff Scientist,Tokyo,3.99,Basic
c498,Kelley,Booley,kbooleydt@si.edu,25/01/2016,M,"£69,856.21",,Budget/Accounting Analyst I,Amsterdam,9.99,Premium
c499,Shaine,Maddaford,,06/11/2019,F,"£73,996.39",,,New York,3.99,Basic
c500,Meredithe,Drinan,mdrinandv@so-net.ne.jp,06/10/2017,F,"£71,157.23",,Dental Hygienist,Rome,7.99,Standard
